[
  {
    "id": "5",
    "name": "Animal Place'S Vegan Republic",
    "lat": "37.87",
    "lng": "-122.28",
    "category": "grocery",
    "address": "1624 University Ave",
    "address2": "",
    "city": "Berkeley",
    "state": "CA",
    "postal": "94703",
    "phone": "",
    "web": "",
    "hours1": "",
    "hours2": "",
    "hours3": "",
    "featured": "",
    "features": "",
    "date": "10/7/18"
  },
  {
    "id": "59",
    "name": "Ave Mkt",
    "lat": "41.31",
    "lng": "-81.83",
    "category": "grocery",
    "address": "15131 PEARL RD",
    "address2": "",
    "city": "STRONGSVILLE",
    "state": "OH",
    "postal": "44136",
    "phone": "",
    "web": "",
    "hours1": "",
    "hours2": "",
    "hours3": "",
    "featured": "",
    "features": "",
    "date": "10/7/18"
  },
  {
    "id": "64",
    "name": "Brooklyn Burgers And Beer",
    "lat": "40.67",
    "lng": "-73.98",
    "category": "grocery",
    "address": "259 5th AVE,",
    "address2": "",
    "city": "BROOKLYN",
    "state": "NY",
    "postal": "11215",
    "phone": "",
    "web": "",
    "hours1": "",
    "hours2": "",
    "hours3": "",
    "featured": "",
    "features": "",
    "date": "10/7/18"
  },
  {
    "id": "61",
    "name": "Firefly Cafe And Outpost",
    "lat": "40.33",
    "lng": "-75.64",
    "category": "grocery",
    "address": "12 N READING AVE",
    "address2": "",
    "city": "BOYERTOWN",
    "state": "PA",
    "postal": "19512",
    "phone": "",
    "web": "",
    "hours1": "",
    "hours2": "",
    "hours3": "",
    "featured": "",
    "features": "",
    "date": "10/7/18"
  },
  {
    "id": "77",
    "name": "Follow Your Heart Market And Cafe",
    "lat": "34.2",
    "lng": "-118.59",
    "category": "grocery",
    "address": "2185 SHERMAN WAY",
    "address2": "",
    "city": "CANOGA PARK",
    "state": "CA",
    "postal": "91303",
    "phone": "",
    "web": "",
    "hours1": "",
    "hours2": "",
    "hours3": "",
    "featured": "",
    "features": "",
    "date": "10/7/18"
  },
  {
    "id": "38",
    "name": "Food Fight Grocery! 2",
    "lat": "45.53",
    "lng": "-122.55",
    "category": "grocery",
    "address": "11155 NE HALSEY",
    "address2": "",
    "city": "PORTLAND",
    "state": "OR",
    "postal": "97220",
    "phone": "",
    "web": "",
    "hours1": "",
    "hours2": "",
    "hours3": "",
    "featured": "",
    "features": "",
    "date": "10/7/18"
  },
  {
    "id": "2",
    "name": "Food Fight! Grocery",
    "lat": "45.52",
    "lng": "-122.65",
    "category": "grocery",
    "address": "1217 SE Stark St",
    "address2": "",
    "city": "Portland",
    "state": "OR",
    "postal": "97214",
    "phone": "",
    "web": "",
    "hours1": "",
    "hours2": "",
    "hours3": "",
    "featured": "",
    "features": "",
    "date": "10/7/18"
  },
  {
    "id": "58",
    "name": "Health Haven Market",
    "lat": "39.98",
    "lng": "-74.83",
    "category": "grocery",
    "address": "1381 RT 38w",
    "address2": "",
    "city": "HAINESPORT",
    "state": "NJ",
    "postal": "08036",
    "phone": "",
    "web": "",
    "hours1": "",
    "hours2": "",
    "hours3": "",
    "featured": "",
    "features": "",
    "date": "10/7/18"
  },
  {
    "id": "76",
    "name": "It'S All Natural",
    "lat": "40.05",
    "lng": "-82.88",
    "category": "grocery",
    "address": "1360 Cherry Bottom Rd",
    "address2": "",
    "city": "Gahanna",
    "state": "OH",
    "postal": "43230",
    "phone": "",
    "web": "",
    "hours1": "",
    "hours2": "",
    "hours3": "",
    "featured": "",
    "features": "",
    "date": "10/7/18"
  },
  {
    "id": "63",
    "name": "Jet Black Coffee Company",
    "lat": "45.53",
    "lng": "-122.55",
    "category": "grocery",
    "address": "11150 NE WEIDLER ST",
    "address2": "",
    "city": "PORTLAND",
    "state": "OR",
    "postal": "97220",
    "phone": "",
    "web": "",
    "hours1": "",
    "hours2": "",
    "hours3": "",
    "featured": "",
    "features": "",
    "date": "10/7/18"
  },
  {
    "id": "39",
    "name": "Lori’S Natural Foods Center",
    "lat": "43.09",
    "lng": "-77.61",
    "category": "grocery",
    "address": "900 Jefferson Road",
    "address2": "",
    "city": "Rochester",
    "state": "OR",
    "postal": "14623",
    "phone": "",
    "web": "",
    "hours1": "",
    "hours2": "",
    "hours3": "",
    "featured": "",
    "features": "",
    "date": "10/7/18"
  },
  {
    "id": "65",
    "name": "Maiale Rosa",
    "lat": "45.49",
    "lng": "-122.8",
    "category": "grocery",
    "address": "4725 SW LOMBARD AVE",
    "address2": "SUITE 9",
    "city": "BEAVERTON",
    "state": "OR",
    "postal": "97005",
    "phone": "",
    "web": "",
    "hours1": "",
    "hours2": "",
    "hours3": "",
    "featured": "",
    "features": "",
    "date": "10/7/18"
  },
  {
    "id": "41",
    "name": "Market Of Choice - Beaverton",
    "lat": "45.52",
    "lng": "-122.8",
    "category": "grocery",
    "address": "250 NW LOST SPRINGS TERRACE",
    "address2": "",
    "city": "BEAVERTON",
    "state": "OR",
    "postal": "97005",
    "phone": "",
    "web": "",
    "hours1": "",
    "hours2": "",
    "hours3": "",
    "featured": "",
    "features": "",
    "date": "10/7/18"
  },
  {
    "id": "40",
    "name": "Market Of Choice - Bend",
    "lat": "44.05",
    "lng": "-121.31",
    "category": "grocery",
    "address": "115 NW SISEMORE",
    "address2": "",
    "city": "BEND",
    "state": "OR",
    "postal": "97701",
    "phone": "",
    "web": "",
    "hours1": "",
    "hours2": "",
    "hours3": "",
    "featured": "",
    "features": "",
    "date": "10/7/18"
  },
  {
    "id": "15",
    "name": "Market Of Choice ~ Eugene",
    "lat": "44.03",
    "lng": "-123.09",
    "category": "grocery",
    "address": "2862 WILLAMETTE ST",
    "address2": "",
    "city": "EUGENE",
    "state": "OR",
    "postal": "97405",
    "phone": "",
    "web": "",
    "hours1": "",
    "hours2": "",
    "hours3": "",
    "featured": "",
    "features": "",
    "date": "10/7/18"
  },
  {
    "id": "62",
    "name": "Morels Cafe",
    "lat": "38.25",
    "lng": "-85.73",
    "category": "grocery",
    "address": "619 Baxter Ave",
    "address2": "",
    "city": "Louisville",
    "state": "KY",
    "postal": "40204",
    "phone": "",
    "web": "",
    "hours1": "",
    "hours2": "",
    "hours3": "",
    "featured": "",
    "features": "",
    "date": "10/7/18"
  },
  {
    "id": "42",
    "name": "Moscow Food Co-Op",
    "lat": "46.73",
    "lng": "-117",
    "category": "grocery",
    "address": "121 E. 5th St",
    "address2": "",
    "city": "Moscow",
    "state": "ID",
    "postal": "83843",
    "phone": "",
    "web": "",
    "hours1": "",
    "hours2": "",
    "hours3": "",
    "featured": "",
    "features": "",
    "date": "10/7/18"
  },
  {
    "id": "56",
    "name": "Mylk Guys Market",
    "lat": "37.78",
    "lng": "-122.42",
    "category": "grocery",
    "address": "55 9th Street",
    "address2": "",
    "city": "San Francisco",
    "state": "CA",
    "postal": "94103",
    "phone": "",
    "web": "",
    "hours1": "",
    "hours2": "",
    "hours3": "",
    "featured": "",
    "features": "",
    "date": "10/7/18"
  },
  {
    "id": "44",
    "name": "Natural Grocers - Bend",
    "lat": "44.08",
    "lng": "-121.3",
    "category": "grocery",
    "address": "3188 N Highway 97 Suite 115",
    "address2": "",
    "city": "Bend",
    "state": "OR",
    "postal": "97701",
    "phone": "",
    "web": "",
    "hours1": "",
    "hours2": "",
    "hours3": "",
    "featured": "",
    "features": "",
    "date": "10/7/18"
  },
  {
    "id": "45",
    "name": "Natural Grocers - Clackamas",
    "lat": "45.44",
    "lng": "-122.58",
    "category": "grocery",
    "address": "11424 SE 82nd Ave",
    "address2": "",
    "city": "Happy Valley",
    "state": "OR",
    "postal": "97068",
    "phone": "",
    "web": "",
    "hours1": "",
    "hours2": "",
    "hours3": "",
    "featured": "",
    "features": "",
    "date": "10/7/18"
  },
  {
    "id": "3",
    "name": "Natural Grocers ~ Beaverton",
    "lat": "45.49",
    "lng": "-122.8",
    "category": "grocery",
    "address": "12155 SW Broadway St",
    "address2": "",
    "city": "Beaverton",
    "state": "OR",
    "postal": "97005",
    "phone": "",
    "web": "",
    "hours1": "",
    "hours2": "",
    "hours3": "",
    "featured": "",
    "features": "",
    "date": "10/7/18"
  },
  {
    "id": "17",
    "name": "Natural Grocers ~ Bend",
    "lat": "44.08",
    "lng": "-121.3",
    "category": "grocery",
    "address": "3188 N Highway 97 Suite 115",
    "address2": "",
    "city": "Bend",
    "state": "OR",
    "postal": "97701",
    "phone": "",
    "web": "",
    "hours1": "",
    "hours2": "",
    "hours3": "",
    "featured": "",
    "features": "",
    "date": "10/7/18"
  },
  {
    "id": "16",
    "name": "Natural Grocers ~ Vancouver, Wa",
    "lat": "45.68",
    "lng": "-122.67",
    "category": "grocery",
    "address": "7604 NE 5TH AVE. #100",
    "address2": "",
    "city": "Vancouver",
    "state": "WA",
    "postal": "98665",
    "phone": "",
    "web": "",
    "hours1": "",
    "hours2": "",
    "hours3": "",
    "featured": "",
    "features": "",
    "date": "10/7/18"
  },
  {
    "id": "67",
    "name": "Natural Grocers- Corvalis",
    "lat": "44.58",
    "lng": "-123.26",
    "category": "grocery",
    "address": "1235 NW 10th St",
    "address2": "",
    "city": "CORVALIS",
    "state": "OR",
    "postal": "97330",
    "phone": "",
    "web": "",
    "hours1": "",
    "hours2": "",
    "hours3": "",
    "featured": "",
    "features": "",
    "date": "10/7/18"
  },
  {
    "id": "46",
    "name": "Natural Grocers- Golden",
    "lat": "39.75",
    "lng": "-105.21",
    "category": "grocery",
    "address": "2401 Ford Street",
    "address2": "",
    "city": "Golden",
    "state": "CO",
    "postal": "80401",
    "phone": "",
    "web": "",
    "hours1": "",
    "hours2": "",
    "hours3": "",
    "featured": "",
    "features": "",
    "date": "10/7/18"
  },
  {
    "id": "70",
    "name": "Natural Grocers- Reno",
    "lat": "39.48",
    "lng": "-119.8",
    "category": "grocery",
    "address": "4819 KIETZKE LANE",
    "address2": "",
    "city": "RENO",
    "state": "NV",
    "postal": "89509",
    "phone": "",
    "web": "",
    "hours1": "",
    "hours2": "",
    "hours3": "",
    "featured": "",
    "features": "",
    "date": "10/7/18"
  },
  {
    "id": "71",
    "name": "Natural Grocers- Wheat Ridge",
    "lat": "39.79",
    "lng": "-105.11",
    "category": "grocery",
    "address": "4900 KIPLING ST",
    "address2": "",
    "city": "WHEAT RIDGE",
    "state": "CO",
    "postal": "80033",
    "phone": "",
    "web": "",
    "hours1": "",
    "hours2": "",
    "hours3": "",
    "featured": "",
    "features": "",
    "date": "10/7/18"
  },
  {
    "id": "66",
    "name": "Natural Grocers-South Jordan",
    "lat": "40.56",
    "lng": "-111.94",
    "category": "grocery",
    "address": "10622 S. REDWOOD RD",
    "address2": "",
    "city": "SOUTH JORDAN",
    "state": "UT",
    "postal": "84095",
    "phone": "",
    "web": "",
    "hours1": "",
    "hours2": "",
    "hours3": "",
    "featured": "",
    "features": "",
    "date": "10/7/18"
  },
  {
    "id": "20",
    "name": "Nooch Vegan Market",
    "lat": "39.72",
    "lng": "-104.99",
    "category": "grocery",
    "address": "10 E. Ellsworth Avenue",
    "address2": "",
    "city": "Denver",
    "state": "CO",
    "postal": "80209",
    "phone": "",
    "web": "",
    "hours1": "",
    "hours2": "",
    "hours3": "",
    "featured": "",
    "features": "",
    "date": "10/7/18"
  },
  {
    "id": "47",
    "name": "Olympia Food Co-Op East",
    "lat": "47.04",
    "lng": "-122.86",
    "category": "grocery",
    "address": "3111 Pacific Ave SE",
    "address2": "",
    "city": "Olympia",
    "state": "WA",
    "postal": "98501",
    "phone": "",
    "web": "",
    "hours1": "",
    "hours2": "",
    "hours3": "",
    "featured": "",
    "features": "",
    "date": "10/7/18"
  },
  {
    "id": "48",
    "name": "Orchard Grocer",
    "lat": "40.72",
    "lng": "-73.99",
    "category": "grocery",
    "address": "78 Orchard Street",
    "address2": "",
    "city": "New York",
    "state": "NY",
    "postal": "10002",
    "phone": "",
    "web": "",
    "hours1": "",
    "hours2": "",
    "hours3": "",
    "featured": "",
    "features": "",
    "date": "10/7/18"
  },
  {
    "id": "25",
    "name": "People'S Food Co-Op",
    "lat": "45.5",
    "lng": "-122.64",
    "category": "grocery",
    "address": "3029 SE 21st Avenue",
    "address2": "",
    "city": "Portland",
    "state": "OR",
    "postal": "97202",
    "phone": "",
    "web": "",
    "hours1": "",
    "hours2": "",
    "hours3": "",
    "featured": "",
    "features": "",
    "date": "10/7/18"
  },
  {
    "id": "29",
    "name": "Riverdel ~ Fine Foods",
    "lat": "40.67",
    "lng": "-73.96",
    "category": "grocery",
    "address": "820 WASHINGTON AVENUE",
    "address2": "",
    "city": "Brooklyn",
    "state": "NY",
    "postal": "11238",
    "phone": "",
    "web": "",
    "hours1": "",
    "hours2": "",
    "hours3": "",
    "featured": "",
    "features": "",
    "date": "10/7/18"
  },
  {
    "id": "30",
    "name": "Sundance Natural Foods",
    "lat": "44.03",
    "lng": "-123.08",
    "category": "grocery",
    "address": "748 E 24th Avenue",
    "address2": "",
    "city": "Eugene",
    "state": "OR",
    "postal": "97405",
    "phone": "",
    "web": "",
    "hours1": "",
    "hours2": "",
    "hours3": "",
    "featured": "",
    "features": "",
    "date": "10/7/18"
  },
  {
    "id": "79",
    "name": "The Green Spork Caf� & Market",
    "lat": "31.94",
    "lng": "-81.3",
    "category": "grocery",
    "address": "10747 Ford Ave",
    "address2": "",
    "city": "Richmond Hill",
    "state": "GA",
    "postal": "31324",
    "phone": "",
    "web": "",
    "hours1": "",
    "hours2": "",
    "hours3": "",
    "featured": "",
    "features": "",
    "date": "10/7/18"
  },
  {
    "id": "31",
    "name": "The Kiva Grocery",
    "lat": "44.05",
    "lng": "-123.09",
    "category": "grocery",
    "address": "125 W. 11TH AVENUE",
    "address2": "",
    "city": "Eugene",
    "state": "OR",
    "postal": "97401",
    "phone": "",
    "web": "",
    "hours1": "",
    "hours2": "",
    "hours3": "",
    "featured": "",
    "features": "",
    "date": "10/7/18"
  },
  {
    "id": "60",
    "name": "The Lost Beans",
    "lat": "45.48",
    "lng": "-122.78",
    "category": "grocery",
    "address": "4810 SW WESTERN AVE.",
    "address2": "",
    "city": "BEAVERTON",
    "state": "Oregon",
    "postal": "97005",
    "phone": "",
    "web": "",
    "hours1": "",
    "hours2": "",
    "hours3": "",
    "featured": "",
    "features": "",
    "date": "10/7/18"
  },
  {
    "id": "32",
    "name": "Vegan Essentials (Online)",
    "lat": "43.02",
    "lng": "-88.2",
    "category": "grocery",
    "address": "",
    "address2": "",
    "city": "WAUKESHA",
    "state": "WI",
    "postal": "53186",
    "phone": "",
    "web": "",
    "hours1": "",
    "hours2": "",
    "hours3": "",
    "featured": "",
    "features": "",
    "date": "10/7/18"
  },
  {
    "id": "33",
    "name": "Vegan Haven",
    "lat": "47.67",
    "lng": "-122.31",
    "category": "grocery",
    "address": "5270 B University Way NE",
    "address2": "",
    "city": "Seattle",
    "state": "WA",
    "postal": "98105",
    "phone": "",
    "web": "",
    "hours1": "",
    "hours2": "",
    "hours3": "",
    "featured": "",
    "features": "",
    "date": "10/7/18"
  },
  {
    "id": "34",
    "name": "Vegan Supply (Online)",
    "lat": "56.13",
    "lng": "-106.35",
    "category": "grocery",
    "address": "",
    "address2": "",
    "city": "Canada",
    "state": "",
    "postal": "",
    "phone": "",
    "web": "",
    "hours1": "",
    "hours2": "",
    "hours3": "",
    "featured": "",
    "features": "",
    "date": "10/7/18"
  },
  {
    "id": "57",
    "name": "Vegan Supply Chinatown",
    "lat": "49.28",
    "lng": "-123.1",
    "category": "grocery",
    "address": "250 East Pender",
    "address2": "",
    "city": "Vancouver",
    "state": "BC",
    "postal": "V5K 0A1",
    "phone": "",
    "web": "",
    "hours1": "",
    "hours2": "",
    "hours3": "",
    "featured": "",
    "features": "",
    "date": "10/7/18"
  },
  {
    "id": "37",
    "name": "Whole Food Market ~ Bellevue",
    "lat": "47.62",
    "lng": "-122.18",
    "category": "grocery",
    "address": "888 116th Ave. NE",
    "address2": "",
    "city": "Bellevue",
    "state": "WA",
    "postal": "98004",
    "phone": "",
    "web": "",
    "hours1": "",
    "hours2": "",
    "hours3": "",
    "featured": "",
    "features": "",
    "date": "10/7/18"
  },
  {
    "id": "50",
    "name": "Whole Foods Market - Bridgeport",
    "lat": "45.39",
    "lng": "-122.75",
    "category": "grocery",
    "address": "7380 SW Bridgeport Rd",
    "address2": "",
    "city": "Tigard",
    "state": "OR",
    "postal": "97224",
    "phone": "",
    "web": "",
    "hours1": "",
    "hours2": "",
    "hours3": "",
    "featured": "",
    "features": "",
    "date": "10/7/18"
  },
  {
    "id": "35",
    "name": "Whole Foods Market - Hollywood (Portland)",
    "lat": "45.54",
    "lng": "-122.62",
    "category": "grocery",
    "address": "4301 NE Sandy Blvd.",
    "address2": "",
    "city": "Portland",
    "state": "Oregon",
    "postal": "97213",
    "phone": "",
    "web": "",
    "hours1": "",
    "hours2": "",
    "hours3": "",
    "featured": "",
    "features": "",
    "date": "10/7/18"
  },
  {
    "id": "52",
    "name": "Whole Foods Market - Tanasbourne",
    "lat": "45.53",
    "lng": "-122.88",
    "category": "grocery",
    "address": "19440 NW CORNELL RD",
    "address2": "",
    "city": "Hillsboro",
    "state": "OR",
    "postal": "97124",
    "phone": "",
    "web": "",
    "hours1": "",
    "hours2": "",
    "hours3": "",
    "featured": "",
    "features": "",
    "date": "10/7/18"
  },
  {
    "id": "53",
    "name": "Whole Foods Market - University Place",
    "lat": "47.23",
    "lng": "-122.54",
    "category": "grocery",
    "address": "3515 Bridgeport Way",
    "address2": "",
    "city": "University Place",
    "state": "WA",
    "postal": "98466",
    "phone": "",
    "web": "",
    "hours1": "",
    "hours2": "",
    "hours3": "",
    "featured": "",
    "features": "",
    "date": "10/7/18"
  },
  {
    "id": "54",
    "name": "Whole Foods Market ~ Bellevue",
    "lat": "47.62",
    "lng": "-122.18",
    "category": "grocery",
    "address": "888 116TH AVENUE",
    "address2": "",
    "city": "BELLEVUE",
    "state": "WA",
    "postal": "98004",
    "phone": "",
    "web": "",
    "hours1": "",
    "hours2": "",
    "hours3": "",
    "featured": "",
    "features": "",
    "date": "10/7/18"
  },
  {
    "id": "78",
    "name": "Whole Foods Market- Greenway",
    "lat": "45.44",
    "lng": "-122.8",
    "category": "grocery",
    "address": "12220 SW Scholls Ferry Rd",
    "address2": "",
    "city": "Tigard",
    "state": "OR",
    "postal": "97223",
    "phone": "",
    "web": "",
    "hours1": "",
    "hours2": "",
    "hours3": "",
    "featured": "",
    "features": "",
    "date": "10/7/18"
  },
  {
    "id": "55",
    "name": "Wine & Cheese If You Please",
    "lat": "32.16",
    "lng": "-80.77",
    "category": "grocery",
    "address": "24 G Palmetto Bay Rd",
    "address2": "",
    "city": "Hilton Head Island",
    "state": "SC",
    "postal": "29928",
    "phone": "",
    "web": "",
    "hours1": "",
    "hours2": "",
    "hours3": "",
    "featured": "",
    "features": "",
    "date": "10/7/18"
  }
]